,energy1,correlation1,dissimilarity1,homogeneity1,contrast1,energy2,correlation2,dissimilarity2,homogeneity2,contrast2,energy3,correlation3,dissimilarity3,homogeneity3,contrast3,energy4,correlation4,dissimilarity4,homogeneity4,contrast4,energy5,correlation5,dissimilarity5,homogeneity5,contrast5,energy6,correlation6,dissimilarity6,homogeneity6,contrast6,energy7,correlation7,dissimilarity7,homogeneity7,contrast7,energy8,correlation8,dissimilarity8,homogeneity8,contrast8
0,0.07217829842838593,0.7545107305848658,32.976780378486055,0.13684384031735014,2606.9679096115538,0.06879185474500733,0.8532431299627449,26.281651063302135,0.13180998340355088,1558.3798902597805,0.05524226569822918,0.6883078370486406,38.369023904382466,0.10355833664290486,3322.8921812749004,0.06868932431516725,0.8516370818684922,26.727989955979915,0.1309272385443575,1575.4306993613986,0.07217829842838593,0.7545107305848657,26.727989955979915,0.1309272385443575,1575.4306993613986,0.06879185474500732,0.8532431299627448,26.281651063302128,0.1318099834035509,1558.3798902597807,0.05524226569822918,0.6883078370486407,38.36902390438247,0.10355833664290483,3322.8921812749004,0.06868932431516725,0.8516370818684922,26.727989955979915,0.1309272385443575,1575.4306993613986
